<?xml version="1.0" encoding="UTF-8"?>
<payment-settings xmlns="http://www.demandware.com/xml/impex/paymentsettings/2009-09-15">
    <payment-method method-id="CREDIT_CARD">
        <name xml:lang="x-default">Checkout.com Card</name>
        <name xml:lang="fr-FR">Carte de crédit</name>
        <name xml:lang="it-IT">Carta di credito</name>
        <name xml:lang="ja-JP">クレジットカード</name>
        <name xml:lang="zh-CN">信用卡</name>
        <enabled-flag>true</enabled-flag>
        <processor-id>CHECKOUTCOM_CARD</processor-id>
    </payment-method>

    <payment-method method-id="CHECKOUTCOM_APM">
        <name xml:lang="x-default">Checkout.com APM</name>
        <enabled-flag>false</enabled-flag>
        <processor-id>CHECKOUTCOM_APM</processor-id>
    </payment-method>

    <payment-method method-id="CHECKOUTCOM_GOOGLE_PAY">
        <name xml:lang="x-default">Checkout.com Google Pay</name>
        <enabled-flag>false</enabled-flag>
        <processor-id>CHECKOUTCOM_GOOGLE_PAY</processor-id>
    </payment-method>

    <payment-method method-id="DW_APPLE_PAY">
        <name xml:lang="x-default">Checkout.com Apple Pay</name>
        <enabled-flag>false</enabled-flag>
        <processor-id>CHECKOUTCOM_APPLE_PAY</processor-id>
    </payment-method>

    <payment-method method-id="PAYPAL">
        <name xml:lang="x-default">Checkout.com Pay Pal</name>
        <name xml:lang="fr-FR">Checkout.com Pay Pal</name>
        <name xml:lang="it-IT">Checkout.com PayPal</name>
        <name xml:lang="ja-JP">Checkout.com PayPal</name>
        <name xml:lang="zh-CN">Checkout.com PayPal</name>
        <enabled-flag>false</enabled-flag>
        <processor-id>CHECKOUTCOM_APM</processor-id>
        <currencies>
            <currency>AUD</currency>
            <currency>BRL</currency>
            <currency>CAD</currency>
            <currency>CHF</currency>
            <currency>CZK</currency>
            <currency>DKK</currency>
            <currency>EUR</currency>
            <currency>GBP</currency>
            <currency>HKD</currency>
            <currency>HUF</currency>
            <currency>ILS</currency>
            <currency>INR</currency>
            <currency>JPY</currency>
            <currency>MXN</currency>
            <currency>MYR</currency>
            <currency>NOK</currency>
            <currency>NZD</currency>
            <currency>PHP</currency>
            <currency>PLN</currency>
            <currency>RUB</currency>
            <currency>SEK</currency>
            <currency>SGD</currency>
            <currency>THB</currency>
            <currency>TWD</currency>
            <currency>USD</currency>
        </currencies>
    </payment-method>

    <payment-method method-id="BOLETO">
        <name xml:lang="x-default">Checkout.com Boleto Bancario</name>
        <name xml:lang="fr-FR">Checkout.com Boleto Bancario</name>
        <name xml:lang="it-IT">Checkout.com Boleto Bancario</name>
        <name xml:lang="ja-JP">Checkout.com Boleto Bancario</name>
        <name xml:lang="zh-CN">Checkout.com Boleto Bancario</name>
        <enabled-flag>false</enabled-flag>
        <processor-id>CHECKOUTCOM_APM</processor-id>
        <countries>
            <country country-code="BR"/>
        </countries>
        <currencies>
            <currency>BRL</currency>
        </currencies>
    </payment-method>

    <payment-method method-id="IDEAL">
        <name xml:lang="x-default">Checkout.com iDEAL</name>
        <name xml:lang="fr-FR">Checkout.com iDEAL</name>
        <name xml:lang="it-IT">Checkout.com iDEAL</name>
        <name xml:lang="ja-JP">Checkout.com iDEAL</name>
        <name xml:lang="zh-CN">Checkout.com iDEAL</name>
        <enabled-flag>false</enabled-flag>
        <processor-id>CHECKOUTCOM_APM</processor-id>
        <countries>
            <country country-code="NL"/>
        </countries>
        <currencies>
            <currency>EUR</currency>
        </currencies>
    </payment-method>

    <payment-method method-id="BANCONTACT">
        <name xml:lang="x-default">Checkout.com Bancontact</name>
        <name xml:lang="fr-FR">Checkout.com Bancontact</name>
        <name xml:lang="it-IT">Checkout.com Bancontact</name>
        <name xml:lang="ja-JP">Checkout.com Bancontact</name>
        <name xml:lang="zh-CN">Checkout.com Bancontact</name>
        <enabled-flag>false</enabled-flag>
        <processor-id>CHECKOUTCOM_APM</processor-id>
        <countries>
            <country country-code="BE"/>
        </countries>
        <currencies>
            <currency>EUR</currency>
        </currencies>
    </payment-method>

    <payment-method method-id="BENEFITPAY">
        <name xml:lang="x-default">Checkout.com BenefitPay</name>
        <name xml:lang="fr-FR">Checkout.com BenefitPay</name>
        <name xml:lang="it-IT">Checkout.com BenefitPay</name>
        <name xml:lang="ja-JP">Checkout.com BenefitPay</name>
        <name xml:lang="zh-CN">Checkout.com BenefitPay</name>
        <enabled-flag>false</enabled-flag>
        <processor-id>CHECKOUTCOM_APM</processor-id>
        <countries>
            <country country-code="BH"/>
        </countries>
        <currencies>
            <currency>BHD</currency>
        </currencies>
    </payment-method>

    <payment-method method-id="GIROPAY">
        <name xml:lang="x-default">Checkout.com Giropay</name>
        <name xml:lang="fr-FR">Checkout.com Giropay</name>
        <name xml:lang="it-IT">Checkout.com Giropay</name>
        <name xml:lang="ja-JP">Checkout.com Giropay</name>
        <name xml:lang="zh-CN">Checkout.com Giropay</name>
        <enabled-flag>false</enabled-flag>
        <processor-id>CHECKOUTCOM_APM</processor-id>
        <countries>
            <country country-code="DE"/>
        </countries>
        <currencies>
            <currency>EUR</currency>
        </currencies>
    </payment-method>

    <payment-method method-id="EPS">
        <name xml:lang="x-default">Checkout.com EPS</name>
        <name xml:lang="fr-FR">Checkout.com EPS</name>
        <name xml:lang="it-IT">Checkout.com EPS</name>
        <name xml:lang="ja-JP">Checkout.com EPS</name>
        <name xml:lang="zh-CN">Checkout.com EPS</name>
        <enabled-flag>false</enabled-flag>
        <processor-id>CHECKOUTCOM_APM</processor-id>
        <countries>
            <country country-code="AT"/>
        </countries>
        <currencies>
            <currency>EUR</currency>
        </currencies>
    </payment-method>

    <payment-method method-id="SOFORT">
        <name xml:lang="x-default">Checkout.com Sofort</name>
        <name xml:lang="fr-FR">Checkout.com Sofort</name>
        <name xml:lang="it-IT">Checkout.com Sofort</name>
        <name xml:lang="ja-JP">Checkout.com Sofort</name>
        <name xml:lang="zh-CN">Checkout.com Sofort</name>
        <enabled-flag>false</enabled-flag>
        <processor-id>CHECKOUTCOM_APM</processor-id>
        <countries>
            <country country-code="AT"/>
            <country country-code="BE"/>
            <country country-code="DE"/>
            <country country-code="ES"/>
            <country country-code="IT"/>
            <country country-code="NL"/>
        </countries>
        <currencies>
            <currency>EUR</currency>
        </currencies>
    </payment-method>

    <payment-method method-id="KNET">
        <name xml:lang="x-default">Checkout.com KNET</name>
        <name xml:lang="fr-FR">Checkout.com KNET</name>
        <name xml:lang="it-IT">Checkout.com KNET</name>
        <name xml:lang="ja-JP">Checkout.com KNET</name>
        <name xml:lang="zh-CN">Checkout.com KNET</name>
        <enabled-flag>false</enabled-flag>
        <processor-id>CHECKOUTCOM_APM</processor-id>
        <countries>
            <country country-code="KW"/>
        </countries>
        <currencies>
            <currency>KWD</currency>
        </currencies>
    </payment-method>

    <payment-method method-id="QPAY">
        <name xml:lang="x-default">Checkout.com QPay</name>
        <name xml:lang="fr-FR">Checkout.com QPay</name>
        <name xml:lang="it-IT">Checkout.com QPay</name>
        <name xml:lang="ja-JP">Checkout.com QPay</name>
        <name xml:lang="zh-CN">Checkout.com QPay</name>
        <enabled-flag>false</enabled-flag>
        <processor-id>CHECKOUTCOM_APM</processor-id>
        <countries>
            <country country-code="QA"/>
        </countries>
        <currencies>
            <currency>QAR</currency>
        </currencies>
    </payment-method>

    <payment-method method-id="FAWRY">
        <name xml:lang="x-default">Checkout.com Fawry</name>
        <name xml:lang="fr-FR">Checkout.com Fawry</name>
        <name xml:lang="it-IT">Checkout.com Fawry</name>
        <name xml:lang="ja-JP">Checkout.com Fawry</name>
        <name xml:lang="zh-CN">Checkout.com Fawry</name>
        <enabled-flag>false</enabled-flag>
        <processor-id>CHECKOUTCOM_APM</processor-id>
        <countries>
            <country country-code="EG"/>
        </countries>
        <currencies>
            <currency>EGP</currency>
        </currencies>
    </payment-method>

    <payment-method method-id="MULTIBANCO">
        <name xml:lang="x-default">Checkout.com Multibanco</name>
        <name xml:lang="fr-FR">Checkout.com Multibanco</name>
        <name xml:lang="it-IT">Checkout.com Multibanco</name>
        <name xml:lang="ja-JP">Checkout.com Multibanco</name>
        <name xml:lang="zh-CN">Checkout.com Multibanco</name>
        <enabled-flag>false</enabled-flag>
        <processor-id>CHECKOUTCOM_APM</processor-id>
        <countries>
            <country country-code="PT"/>
        </countries>
        <currencies>
            <currency>EUR</currency>
        </currencies>
    </payment-method>

    <payment-method method-id="POLI">
        <name xml:lang="x-default">Checkout.com Poli</name>
        <name xml:lang="fr-FR">Checkout.com Poli</name>
        <name xml:lang="it-IT">Checkout.com Poli</name>
        <name xml:lang="ja-JP">Checkout.com Poli</name>
        <name xml:lang="zh-CN">Checkout.com Poli</name>
        <enabled-flag>false</enabled-flag>
        <processor-id>CHECKOUTCOM_APM</processor-id>
        <countries>
            <country country-code="AU"/>
            <country country-code="NZ"/>
        </countries>
        <currencies>
            <currency>AUD</currency>
            <currency>NZD</currency>
        </currencies>
    </payment-method>

    <payment-method method-id="SEPA">
        <name xml:lang="x-default">Checkout.com SEPA Direct Debit</name>
        <name xml:lang="fr-FR">Checkout.com SEPA Direct Debit</name>
        <name xml:lang="it-IT">Checkout.com SEPA Direct Debit</name>
        <name xml:lang="ja-JP">Checkout.com SEPA Direct Debit</name>
        <name xml:lang="zh-CN">Checkout.com SEPA Direct Debit</name>
        <enabled-flag>false</enabled-flag>
        <processor-id>CHECKOUTCOM_APM</processor-id>
        <countries>
            <country country-code="AT"/>
            <country country-code="BE"/>
            <country country-code="CY"/>
            <country country-code="DE"/>
            <country country-code="EE"/>
            <country country-code="ES"/>
            <country country-code="FI"/>
            <country country-code="FR"/>
            <country country-code="GR"/>
            <country country-code="IE"/>
            <country country-code="IT"/>
            <country country-code="LT"/>
            <country country-code="LU"/>
            <country country-code="LV"/>
            <country country-code="MT"/>
            <country country-code="NL"/>
            <country country-code="PT"/>
            <country country-code="SI"/>
            <country country-code="SK"/>

            <country country-code="AD"/>
            <country country-code="BG"/>
            <country country-code="CH"/>
            <country country-code="CZ"/>
            <country country-code="DK"/>
            <country country-code="GB"/>
            <country country-code="HR"/>
            <country country-code="HU"/>
            <country country-code="IS"/>
            <country country-code="LI"/>
            <country country-code="MC"/>
            <country country-code="NO"/>
            <country country-code="PL"/>
            <country country-code="RO"/>
            <country country-code="SM"/>
            <country country-code="SE"/>
            <country country-code="VA"/>
        </countries>
        <currencies>
            <currency>EUR</currency>
        </currencies>
    </payment-method>

    <payment-method method-id="PRZELEWY24">
        <name xml:lang="x-default">Checkout.com Przelewy24</name>
        <name xml:lang="fr-FR">Checkout.com Przelewy24</name>
        <name xml:lang="it-IT">Checkout.com Przelewy24</name>
        <name xml:lang="ja-JP">Checkout.com Przelewy24</name>
        <name xml:lang="zh-CN">Checkout.com Przelewy24</name>
        <enabled-flag>false</enabled-flag>
        <processor-id>CHECKOUTCOM_APM</processor-id>
        <countries>
            <country country-code="PL"/>
        </countries>
        <currencies>
            <currency>EUR</currency>
            <currency>PLN</currency>
        </currencies>
    </payment-method>

    <payment-method method-id="KLARNA">
        <name xml:lang="x-default">Checkout.com Klarna</name>
        <name xml:lang="fr-FR">Checkout.com Klarna</name>
        <name xml:lang="it-IT">Checkout.com Klarna</name>
        <name xml:lang="ja-JP">Checkout.com Klarna</name>
        <name xml:lang="zh-CN">Checkout.com Klarna</name>
        <enabled-flag>false</enabled-flag>
        <processor-id>CHECKOUTCOM_APM</processor-id>
        <countries>
            <country country-code="AT"/>
            <country country-code="DK"/>
            <country country-code="FI"/>
            <country country-code="DE"/>
            <country country-code="NL"/>
            <country country-code="NO"/>
            <country country-code="SE"/>
            <country country-code="GB"/>
        </countries>
        <currencies>
            <currency>EUR</currency>
            <currency>DKK</currency>
            <currency>GBP</currency>
            <currency>NOK</currency>
            <currency>SEK</currency>
        </currencies>
    </payment-method>

    <payment-method method-id="OXXO">
        <name xml:lang="x-default">Checkout.com OXXO</name>
        <name xml:lang="fr-FR">Checkout.com OXXO</name>
        <name xml:lang="it-IT">Checkout.com OXXO</name>
        <name xml:lang="ja-JP">Checkout.com OXXO</name>
        <name xml:lang="zh-CN">Checkout.com OXXO</name>
        <enabled-flag>false</enabled-flag>
        <processor-id>CHECKOUTCOM_APM</processor-id>
        <countries>
            <country country-code="MX"/>
        </countries>
        <currencies>
            <currency>MXN</currency>
        </currencies>
    </payment-method>

    <payment-method method-id="ALIPAY">
        <name xml:lang="x-default">Checkout.com Alipay</name>
        <name xml:lang="fr-FR">Checkout.com Alipay</name>
        <name xml:lang="it-IT">Checkout.com Alipay</name>
        <name xml:lang="ja-JP">Checkout.com Alipay</name>
        <name xml:lang="zh-CN">Checkout.com Alipay</name>
        <enabled-flag>false</enabled-flag>
        <processor-id>CHECKOUTCOM_APM</processor-id>
        <countries>
            <country country-code="CN"/>
        </countries>
        <currencies>
            <currency>USD</currency>
        </currencies>
    </payment-method>

    <payment-card card-type="Master">
        <name xml:lang="x-default">Master Card</name>
        <name xml:lang="fr-FR">Master Card</name>
        <name xml:lang="it-IT">Master Card</name>
        <name xml:lang="ja-JP">Master Card</name>
        <name xml:lang="zh-CN">Master Card（万事达卡）</name>
        <enabled-flag>true</enabled-flag>
        <card-number-settings>
            <enable-checksum-verification>true</enable-checksum-verification>
            <number-length>
                <length>16</length>
            </number-length>
            <number-prefix>
                <prefix>51-55</prefix>
            </number-prefix>
        </card-number-settings>
        <security-code-length>3</security-code-length>
    </payment-card>

    <payment-card card-type="Visa">
        <name xml:lang="x-default">Visa</name>
        <name xml:lang="fr-FR">Visa</name>
        <name xml:lang="it-IT">Visa</name>
        <name xml:lang="ja-JP">Visa</name>
        <name xml:lang="zh-CN">Visa</name>
        <enabled-flag>true</enabled-flag>
        <card-number-settings>
            <enable-checksum-verification>true</enable-checksum-verification>
            <number-length>
                <length>13</length>
                <length>16</length>
            </number-length>
            <number-prefix>
                <prefix>4</prefix>
            </number-prefix>
        </card-number-settings>
        <security-code-length>3</security-code-length>
    </payment-card>

    <payment-card card-type="Amex">
        <name xml:lang="x-default">American Express</name>
        <name xml:lang="fr-FR">American Express</name>
        <name xml:lang="it-IT">American Express</name>
        <name xml:lang="ja-JP">American Express</name>
        <name xml:lang="zh-CN">American Express（美国运通卡）</name>
        <enabled-flag>true</enabled-flag>
        <card-number-settings>
            <enable-checksum-verification>true</enable-checksum-verification>
            <number-length>
                <length>15</length>
            </number-length>
            <number-prefix>
                <prefix>34</prefix>
                <prefix>37</prefix>
            </number-prefix>
        </card-number-settings>
        <security-code-length>4</security-code-length>
    </payment-card>

    <payment-card card-type="Discover">
        <name xml:lang="x-default">Discover</name>
        <name xml:lang="fr-FR">Discover</name>
        <name xml:lang="it-IT">Discover</name>
        <name xml:lang="ja-JP">Discover</name>
        <name xml:lang="zh-CN">Discover</name>
        <enabled-flag>true</enabled-flag>
        <card-number-settings>
            <enable-checksum-verification>true</enable-checksum-verification>
            <number-length>
                <length>16</length>
            </number-length>
            <number-prefix>
                <prefix>6011</prefix>
                <prefix>622126-622925</prefix>
                <prefix>644-649</prefix>
                <prefix>65</prefix>
            </number-prefix>
        </card-number-settings>
        <security-code-length>3</security-code-length>
        <countries>
            <country country-code="US"/>
        </countries>
    </payment-card>

    <payment-card card-type="DinersClub">
        <name xml:lang="x-default">Diners Club International</name>
        <name xml:lang="fr-FR">Diners Club International</name>
        <name xml:lang="it-IT">Diners Club International</name>
        <name xml:lang="ja-JP">Diners Club International</name>
        <name xml:lang="zh-CN">Diners Club（大莱卡）</name>
        <enabled-flag>false</enabled-flag>
        <card-number-settings>
            <enable-checksum-verification>true</enable-checksum-verification>
            <number-length>
                <length>14</length>
            </number-length>
            <number-prefix>
                <prefix>30</prefix>
                <prefix>36</prefix>
                <prefix>38</prefix>
            </number-prefix>
        </card-number-settings>
        <security-code-length>3</security-code-length>
    </payment-card>

</payment-settings>
