{
	"hooks": [
		{
			"name": "app.payment.processor.checkoutcom_card",
			"script": "./hooks/payment/processor/CHECKOUTCOM_CARD"		
		},	
		{
			"name": "app.payment.processor.checkoutcom_apm",
			"script": "./hooks/payment/processor/CHECKOUTCOM_APM"		
		},	
		{
			"name": "app.payment.processor.checkoutcom_google_pay",
			"script": "./hooks/payment/processor/CHECKOUTCOM_GOOGLE_PAY"		
		},
		{
			"name": "app.payment.processor.checkoutcom_apple_pay",
			"script": "./hooks/payment/processor/CHECKOUTCOM_APPLE_PAY"		
		}	
	]
}
