{
    "hooks": [
        {
            "name": "app.payment.processor.checkoutcom_card",
            "script": "./hooks/payment/processor/CHECKOUTCOM_CARD"
        },
        {
            "name": "app.payment.form.processor.checkoutcom_card",
            "script": "./hooks/payment/processor/CHECKOUTCOM_CARD_form_processor"
        },
        {
            "name": "app.payment.processor.checkoutcom_google_pay",
            "script": "./hooks/payment/processor/CHECKOUTCOM_GOOGLE_PAY"
        },
        {
            "name": "app.payment.form.processor.checkoutcom_google_pay",
            "script": "./hooks/payment/processor/CHECKOUTCOM_GOOGLE_PAY_form_processor"
        },
        {
            "name": "app.payment.processor.checkoutcom_apple_pay",
            "script": "./hooks/payment/processor/CHECKOUTCOM_APPLE_PAY"
        },
        {
            "name": "app.payment.form.processor.checkoutcom_apple_pay",
            "script": "./hooks/payment/processor/CHECKOUTCOM_APPLE_PAY_form_processor"
        },
        {
            "name": "app.payment.processor.checkoutcom_apm",
            "script": "./hooks/payment/processor/CHECKOUTCOM_APM"
        },
        {
            "name": "app.payment.form.processor.checkoutcom_apm",
            "script": "./hooks/payment/processor/CHECKOUTCOM_APM_form_processor"
        }
    ]
}
