{
	"hooks": [
		{
			"name": "app.payment.processor.CHECKOUTCOM_CARD",
			"script": "./hooks/payment/processor/CHECKOUTCOM_CARD"		
		},	
		{
			"name": "app.payment.processor.CHECKOUTCOM_APM",
			"script": "./hooks/payment/processor/CHECKOUTCOM_APM"		
		},	
		{
			"name": "app.payment.processor.CHECKOUTCOM_GOOGLE_PAY",
			"script": "./hooks/payment/processor/CHECKOUTCOM_GOOGLE_PAY"		
		},
		{
			"name": "app.payment.processor.CHECKOUTCOM_APPLE_PAY",
			"script": "./hooks/payment/processor/CHECKOUTCOM_APPLE_PAY"		
		}	
	]
}
